name,week,year,pass_yards,pass_tds,rush_attempts,rush_yards,rush_tds,targets,receptions,receiving_yards,receiving_tds,fumbles,interceptions,fantasy_points,game_played,rostered_percent
Josh Allen (BUF),1,2025,394,2,14,30,2,0,0,0,0,0,0,38.8,1,99.70%
Daniel Jones (IND),1,2025,272,1,7,26,2,0,0,0,0,0,0,29.5,1,58.50%
Justin Fields (NYJ),1,2025,218,1,12,48,2,0,0,0,0,0,0,29.5,1,87.90%
Lamar Jackson (BAL),1,2025,209,2,6,70,1,0,0,0,0,0,0,29.4,1,99.80%
Justin Herbert (LAC),1,2025,318,3,7,32,0,0,0,0,0,0,0,27.9,1,93.30%
Patrick Mahomes II (KC),1,2025,258,1,6,57,1,0,0,0,0,0,0,26,1,98.90%
Aaron Rodgers (PIT),1,2025,244,4,1,-1,0,0,0,0,0,0,0,25.7,1,19.20%
Jalen Hurts (PHI),1,2025,152,0,14,62,2,0,0,0,0,0,0,24.3,1,99.70%
Caleb Williams (CHI),1,2025,210,1,6,58,1,0,0,0,0,0,0,24.2,1,79.00%
Michael Penix Jr. (ATL),1,2025,298,1,6,21,1,0,0,0,0,0,0,24,1,21.60%
J.J. McCarthy (MIN),1,2025,143,2,2,25,1,0,0,0,0,0,1,23.2,1,31.40%
Baker Mayfield (TB),1,2025,167,3,5,39,0,0,0,0,0,0,0,22.6,1,96.60%
Jayden Daniels (WAS),1,2025,233,1,11,68,0,0,0,0,0,0,0,20.1,1,98.90%
Brock Purdy (SF),1,2025,277,2,5,17,0,0,0,0,0,0,2,18.8,1,78.70%
Geno Smith (LV),1,2025,362,1,2,10,0,0,0,0,0,0,1,18.5,1,29.00%
Kyler Murray (ARI),1,2025,163,2,7,38,0,0,0,0,0,0,0,18.3,1,90.50%
Drake Maye (NE),1,2025,287,1,4,11,0,0,0,0,0,0,1,16.3,1,87.00%
Jordan Love (GB),1,2025,188,2,3,4,0,0,0,0,0,0,0,15.9,1,77.30%
Joe Flacco (CIN),1,2025,290,1,2,6,0,0,0,0,0,0,2,14.2,1,2.70%
Matthew Stafford (LAR),1,2025,245,1,4,-2,0,0,0,0,0,0,0,13.6,1,58.30%
Jared Goff (DET),1,2025,225,1,1,-1,0,0,0,0,0,0,1,11.9,1,87.50%
Spencer Rattler (NO),1,2025,214,0,4,29,0,0,0,0,0,0,0,11.5,1,6.30%
Trevor Lawrence (JAC),1,2025,178,1,4,12,0,0,0,0,0,0,1,11.3,1,32.90%
Russell Wilson (NYG),1,2025,168,0,8,44,0,0,0,0,0,0,0,11.1,1,4.40%
Bryce Young (CAR),1,2025,154,1,5,40,0,0,0,0,0,1,2,10.2,1,23.60%
C.J. Stroud (HOU),1,2025,188,0,5,32,0,0,0,0,0,0,1,9.7,1,65.60%
Bo Nix (DEN),1,2025,176,1,8,18,0,0,0,0,0,1,2,8.8,1,89.20%
Joe Burrow (CIN),1,2025,113,1,2,3,0,0,0,0,0,0,0,8.8,1,77.30%
Dak Prescott (DAL),1,2025,188,0,1,3,0,0,0,0,0,0,0,7.8,1,86.90%
Tua Tagovailoa (MIA),1,2025,114,1,1,7,0,0,0,0,0,1,2,7.3,1,27.50%
Sam Darnold (SEA),1,2025,150,0,2,14,0,0,0,0,0,1,0,5.4,1,23.00%
Cam Ward (TEN),1,2025,112,0,0,0,0,0,0,0,0,1,0,2.5,1,14.90%
Zach Wilson (MIA),1,2025,32,0,1,3,0,0,0,0,0,0,0,1.6,1,0.60%
Jalen Milroe (SEA),1,2025,0,0,1,1,0,0,0,0,0,0,0,0.1,1,1.40%
Kenny Pickett (LV),1,2025,0,0,0,0,0,0,0,0,0,0,0,0,0,1.10%
Davis Mills (HOU),1,2025,0,0,0,0,0,0,0,0,0,0,0,0,0,1.00%
Emory Jones (ATL),1,2025,0,0,0,0,0,0,0,0,0,0,0,0,0,0.00%
Adrian Martinez (SF),1,2025,0,0,0,0,0,0,0,0,0,0,0,0,0,0.00%
Sam Howell (PHI),1,2025,0,0,0,0,0,0,0,0,0,0,0,0,0,0.70%
Kyle McCord (PHI),1,2025,0,0,0,0,0,0,0,0,0,0,0,0,0,1.00%
Tyler Shough (NO),1,2025,0,0,0,0,0,0,0,0,0,0,0,0,0,1.50%
DJ Uiagalelei (LAC),1,2025,0,0,0,0,0,0,0,0,0,0,0,0,0,0.00%
Will Levis (TEN),1,2025,0,0,0,0,0,0,0,0,0,0,0,0,0,0.60%
Malik Cunningham (DET),1,2025,0,0,0,0,0,0,0,0,0,0,0,0,0,1.10%
Mac Jones (SF),1,2025,0,0,0,0,0,0,0,0,0,0,0,0,0,3.80%
Feleipe Franks (ATL),1,2025,0,0,0,0,0,0,0,0,0,0,0,0,1,0.00%
Trey Lance (LAC),1,2025,0,0,0,0,0,0,0,0,0,0,0,0,0,0.60%
Sam Ehlinger (DEN),1,2025,0,0,0,0,0,0,0,0,0,0,0,0,0,0.00%
Sean Clifford (CIN),1,2025,0,0,0,0,0,0,0,0,0,0,0,0,0,1.80%
Dillon Gabriel (CLE),1,2025,0,0,0,0,0,0,0,0,0,0,0,0,0,5.60%
Kedon Slovis (ARI),1,2025,0,0,0,0,0,0,0,0,0,0,0,0,0,0.00%
Jaxson Dart (NYG),1,2025,0,0,0,0,0,0,0,0,0,0,0,0,0,46.30%
Carter Bradley (JAC),1,2025,0,0,0,0,0,0,0,0,0,0,0,0,0,0.00%
Tommy DeVito (NE),1,2025,0,0,0,0,0,0,0,0,0,0,0,0,0,0.60%
Joe Milton III (DAL),1,2025,0,0,0,0,0,0,0,0,0,0,0,0,0,0.70%
Shedeur Sanders (CLE),1,2025,0,0,0,0,0,0,0,0,0,0,0,0,0,2.60%
Will Howard (PIT),1,2025,0,0,0,0,0,0,0,0,0,0,0,0,0,0.60%
Kurtis Rourke (SF),1,2025,0,0,0,0,0,0,0,0,0,0,0,0,0,1.00%
Max Brosmer (MIN),1,2025,0,0,0,0,0,0,0,0,0,0,0,0,0,0.00%
Garrett Greene (TB),1,2025,0,0,0,0,0,0,0,0,0,0,0,0,0,0.00%
Connor Bazelak (TB),1,2025,0,0,0,0,0,0,0,0,0,0,0,0,0,0.00%
Hunter Dekkers (NO),1,2025,0,0,0,0,0,0,0,0,0,0,0,0,0,0.00%
Brady Cook (NYJ),1,2025,0,0,0,0,0,0,0,0,0,0,0,0,0,1.00%
Cam Miller (LV),1,2025,0,0,0,0,0,0,0,0,0,0,0,0,0,1.00%
Skylar Thompson (PIT),1,2025,0,0,0,0,0,0,0,0,0,0,0,0,0,3.80%
Aidan O'Connell (LV),1,2025,0,0,0,0,0,0,0,0,0,0,0,0,0,1.90%
Hendon Hooker (CAR),1,2025,0,0,0,0,0,0,0,0,0,0,0,0,0,1.00%
Sam Hartman (WAS),1,2025,0,0,0,0,0,0,0,0,0,0,0,0,0,0.00%
Anthony Richardson Sr. (IND),1,2025,0,0,0,0,0,0,0,0,0,0,0,0,0,6.10%
Graham Mertz (HOU),1,2025,0,0,0,0,0,0,0,0,0,0,0,0,0,0.00%
Malik Willis (GB),1,2025,0,0,0,0,0,0,0,0,0,0,0,0,0,0.70%
Quinn Ewers (MIA),1,2025,0,0,0,0,0,0,0,0,0,0,0,0,0,0.60%
Stetson Bennett IV (LAR),1,2025,0,0,0,0,0,0,0,0,0,0,0,0,0,0.60%
Bailey Zappe (CLE),1,2025,0,0,0,0,0,0,0,0,0,0,0,0,0,1.10%
Clayton Tune (GB),1,2025,0,0,0,0,0,0,0,0,0,0,0,0,0,1.00%
Tyson Bagent (CHI),1,2025,0,0,0,0,0,0,0,0,0,0,0,0,0,0.60%
Riley Leonard (IND),1,2025,0,0,0,0,0,0,0,0,0,0,0,0,0,1.00%
Chris Oladokun (KC),1,2025,0,0,0,0,0,0,0,0,0,0,0,0,0,0.00%
Jake Haener (NO),1,2025,0,0,0,0,0,0,0,0,0,0,0,0,0,1.10%
Tanner McKee (PHI),1,2025,0,0,0,0,0,0,0,0,0,0,0,0,0,0.90%
Tyrod Taylor (NYJ),1,2025,0,0,0,0,0,0,0,0,0,0,0,0,0,0.70%
Ben Chappell (WAS),1,2025,0,0,0,0,0,0,0,0,0,0,0,0,0,0.00%
Adam Froman (ATL),1,2025,0,0,0,0,0,0,0,0,0,0,0,0,0,0.00%
Andy Dalton (CAR),1,2025,0,0,0,0,0,0,0,0,0,0,0,0,0,0.70%
Kirk Cousins (ATL),1,2025,0,0,0,0,0,0,0,0,0,0,0,0,0,1.20%
Hunter Cantwell (BAL),1,2025,0,0,0,0,0,0,0,0,0,0,0,0,0,0.00%
Teddy Bridgewater (TB),1,2025,0,0,0,0,0,0,0,0,0,0,0,0,0,0.80%
Case Keenum (CHI),1,2025,0,0,0,0,0,0,0,0,0,0,0,0,0,1.00%
Erik Ainge (NYJ),1,2025,0,0,0,0,0,0,0,0,0,0,0,0,0,0.00%
Jimmy Garoppolo (LAR),1,2025,0,0,0,0,0,0,0,0,0,0,0,0,0,0.90%
Josh Johnson (WAS),1,2025,0,0,0,0,0,0,0,0,0,0,0,0,0,1.00%
Brett Smith (TB),1,2025,0,0,0,0,0,0,0,0,0,0,0,0,0,0.00%
Kyle Allen (DET),1,2025,0,0,0,0,0,0,0,0,0,0,0,0,0,0.60%
Nick Mullens (JAC),1,2025,0,0,0,0,0,0,0,0,0,0,0,0,0,1.80%
Mason Rudolph (PIT),1,2025,0,0,0,0,0,0,0,0,0,0,0,0,0,0.60%
Logan Woodside (PIT),1,2025,0,0,0,0,0,0,0,0,0,0,0,0,0,0.00%
Shane Buechele (BUF),1,2025,0,0,0,0,0,0,0,0,0,0,0,0,0,0.00%
Tyler Huntley (BAL),1,2025,0,0,0,0,0,0,0,0,0,0,0,0,0,1.00%
Easton Stick (ATL),1,2025,0,0,0,0,0,0,0,0,0,0,0,0,0,0.00%
Drew Lock (SEA),1,2025,0,0,0,0,0,0,0,0,0,0,0,0,0,3.60%
Will Grier (DAL),1,2025,0,0,0,0,0,0,0,0,0,0,0,0,0,0.00%
Jake Browning (CIN),1,2025,0,0,0,0,0,0,0,0,0,0,0,0,0,8.90%
Gardner Minshew II (KC),1,2025,0,0,0,0,0,0,0,0,0,0,0,0,0,0.60%
Jarrett Stidham (DEN),1,2025,0,0,0,0,0,0,0,0,0,0,0,0,0,0.70%
Cooper Rush (BAL),1,2025,0,0,0,0,0,0,0,0,0,0,0,0,0,1.50%
C.J. Beathard (DET),1,2025,0,0,0,0,0,0,0,0,0,0,0,0,0,0.00%
Marcus Mariota (WAS),1,2025,0,0,0,0,0,0,0,0,0,0,0,0,1,4.00%
Jameis Winston (NYG),1,2025,0,0,0,0,0,0,0,0,0,0,0,0,0,0.80%
Trevor Siemian (TEN),1,2025,0,0,0,0,0,0,0,0,0,0,0,0,0,0.00%
Mitchell Trubisky (BUF),1,2025,0,0,0,0,0,0,0,0,0,0,0,0,0,0.60%
Deshaun Watson (CLE),1,2025,0,0,0,0,0,0,0,0,0,0,0,0,0,0.60%
Joshua Dobbs (NE),1,2025,0,0,0,0,0,0,0,0,0,0,0,0,0,1.00%
Carson Wentz (MIN),1,2025,0,0,0,0,0,0,0,0,0,0,0,0,0,6.20%
Jeff Driskel (LV),1,2025,0,0,0,0,0,0,0,0,0,0,0,0,0,0.00%
Jacoby Brissett (ARI),1,2025,0,0,0,0,0,0,0,0,0,0,0,0,0,1.00%
Brandon Allen (TEN),1,2025,0,0,0,0,0,0,0,0,0,0,0,0,0,0.00%
Derrick Henry (BAL),1,2025,0,0,18,169,2,1,1,13,0,1,0,28.7,1,99.80%
Bijan Robinson (ATL),1,2025,0,0,12,24,0,7,6,100,1,0,0,21.4,1,99.80%
Javonte Williams (DAL),1,2025,0,0,15,54,2,3,2,10,0,0,0,19.4,1,94.90%
Christian McCaffrey (SF),1,2025,0,0,22,69,0,10,9,73,0,0,0,18.7,1,99.80%
James Cook III (BUF),1,2025,0,0,13,44,1,5,5,58,0,0,0,18.7,1,99.40%
Travis Etienne Jr. (JAC),1,2025,0,0,16,143,0,3,3,13,0,0,0,17.1,1,92.20%
Saquon Barkley (PHI),1,2025,0,0,18,60,1,5,4,24,0,0,0,16.4,1,99.80%
Chuba Hubbard (CAR),1,2025,0,0,16,57,0,5,3,32,1,0,0,16.4,1,95.90%
Breece Hall (NYJ),1,2025,0,0,19,107,0,4,2,38,0,0,0,15.5,1,97.60%
De'Von Achane (MIA),1,2025,0,0,7,55,0,4,3,20,1,0,0,15,1,99.70%
Aaron Jones Sr. (MIN),1,2025,0,0,8,23,0,3,3,44,1,0,0,14.2,1,82.50%
Jacory Croskey-Merritt (WAS),1,2025,0,0,10,82,1,1,0,0,0,0,0,14.2,1,74.30%
J.K. Dobbins (DEN),1,2025,0,0,16,63,1,2,2,5,0,0,0,13.8,1,88.20%
Josh Jacobs (GB),1,2025,0,0,19,66,1,1,1,4,0,0,0,13.5,1,99.70%
Kyren Williams (LAR),1,2025,0,0,18,66,1,2,1,3,0,0,0,13.4,1,99.30%
Dylan Sampson (CLE),1,2025,0,0,12,29,0,8,8,64,0,0,0,13.3,1,21.40%
Jaylen Warren (PIT),1,2025,0,0,11,37,0,2,2,22,1,0,0,12.9,1,88.00%
Alvin Kamara (NO),1,2025,0,0,11,45,1,2,2,12,0,0,0,12.7,1,98.40%
Bucky Irving (TB),1,2025,0,0,14,37,0,4,4,8,1,0,0,12.5,1,99.10%
James Conner (ARI),1,2025,0,0,12,39,0,4,4,5,1,0,0,12.4,1,55.70%
Chase Brown (CIN),1,2025,0,0,21,43,1,3,2,8,0,0,0,12.1,1,97.70%
Jonathan Taylor (IND),1,2025,0,0,18,71,0,3,3,27,0,0,0,11.3,1,99.60%
Ashton Jeanty (LV),1,2025,0,0,19,38,1,2,2,2,0,0,0,11,1,99.50%
Zach Charbonnet (SEA),1,2025,0,0,12,47,1,0,0,0,0,0,0,10.7,1,76.50%
Jahmyr Gibbs (DET),1,2025,0,0,9,19,0,10,10,31,0,0,0,10,1,99.80%
TreVeyon Henderson (NE),1,2025,0,0,5,27,0,6,6,24,0,0,0,8.1,1,90.20%
D'Andre Swift (CHI),1,2025,0,0,17,53,0,5,3,12,0,0,0,8,1,92.50%
Trey Benson (ARI),1,2025,0,0,8,69,0,1,1,6,0,0,0,8,1,63.20%
Jordan Mason (MIN),1,2025,0,0,15,68,0,1,1,7,0,0,0,8,1,87.00%
Tony Pollard (TEN),1,2025,0,0,18,60,0,1,1,29,0,1,0,7.4,1,91.70%
RJ Harvey (DEN),1,2025,0,0,6,70,0,1,1,-1,0,0,0,7.4,1,81.30%
Austin Ekeler (WAS),1,2025,0,0,6,26,0,3,3,31,0,0,0,7.2,1,38.10%
Omarion Hampton (LAC),1,2025,0,0,15,48,0,2,2,13,0,0,0,7.1,1,98.70%
Braelon Allen (NYJ),1,2025,0,0,6,9,1,0,0,0,0,0,0,6.9,1,21.10%
David Montgomery (DET),1,2025,0,0,11,25,0,4,4,18,0,0,0,6.3,1,95.30%
Raheim Sanders (CLE),1,2025,0,0,3,3,1,0,0,0,0,0,0,6.3,1,0.60%
Nick Chubb (HOU),1,2025,0,0,13,60,0,1,0,0,0,0,0,6,1,69.60%
Tyrone Tracy Jr. (NYG),1,2025,0,0,10,24,0,5,2,11,0,0,0,4.5,1,55.50%
Kyle Juszczyk (SF),1,2025,0,0,0,0,0,2,2,32,0,0,0,4.2,1,0.90%
Brian Robinson Jr. (SF),1,2025,0,0,9,33,0,2,1,4,0,0,0,4.2,1,53.60%
DJ Giddens (IND),1,2025,0,0,12,41,0,0,0,0,0,0,0,4.1,1,3.60%
Kenneth Walker III (SEA),1,2025,0,0,10,20,0,3,3,4,0,0,0,3.9,1,97.30%
Kenneth Gainwell (PIT),1,2025,0,0,7,19,0,4,3,4,0,0,0,3.8,1,47.20%
Isiah Pacheco (KC),1,2025,0,0,5,25,0,3,2,3,0,0,0,3.8,1,86.50%
Rhamondre Stevenson (NE),1,2025,0,0,7,15,0,3,2,12,0,0,0,3.7,1,72.60%
Kareem Hunt (KC),1,2025,0,0,5,16,0,3,2,10,0,0,0,3.6,1,32.10%
Miles Sanders (DAL),1,2025,0,0,4,53,0,1,1,-3,0,1,0,3.5,1,5.40%
Will Shipley (PHI),1,2025,0,0,3,26,0,0,0,0,0,0,0,2.6,1,5.60%
Rico Dowdle (CAR),1,2025,0,0,3,12,0,3,2,4,0,0,0,2.6,1,48.60%
Tyler Badie (DEN),1,2025,0,0,0,0,0,6,2,16,0,0,0,2.6,1,0.70%
Jeremy McNichols (WAS),1,2025,0,0,4,25,0,0,0,0,0,0,0,2.5,1,2.50%
Ty Johnson (BUF),1,2025,0,0,2,24,0,2,0,0,0,0,0,2.4,1,1.10%
Tyler Allgeier (ATL),1,2025,0,0,10,24,0,0,0,0,0,0,0,2.4,1,33.40%
Kendre Miller (NO),1,2025,0,0,5,24,0,0,0,0,0,0,0,2.4,1,19.90%
Blake Corum (LAR),1,2025,0,0,1,2,0,1,1,14,0,0,0,2.1,1,18.90%
Rachaad White (TB),1,2025,0,0,2,14,0,1,1,2,0,0,0,2.1,1,69.10%
Cam Skattebo (NYG),1,2025,0,0,2,-3,0,2,2,12,0,0,0,1.9,1,95.00%
Isaiah Davis (NYJ),1,2025,0,0,2,18,0,0,0,0,0,0,0,1.8,1,7.30%
Samaje Perine (CIN),1,2025,0,0,0,0,0,2,2,6,0,0,0,1.6,1,1.20%
LeQuint Allen Jr. (JAC),1,2025,0,0,1,7,0,1,1,4,0,0,0,1.6,1,0.60%
Dare Ogunbowale (HOU),1,2025,0,0,2,9,0,2,2,17,0,1,0,1.6,1,0.60%
Kyle Monangai (CHI),1,2025,0,0,0,0,0,1,1,11,0,0,0,1.6,1,6.20%
Najee Harris (LAC),1,2025,0,0,1,5,0,1,1,5,0,0,0,1.5,1,12.50%
Tank Bigsby (PHI),1,2025,0,0,5,12,0,0,0,0,0,0,0,1.2,1,37.40%
Bhayshul Tuten (JAC),1,2025,0,0,3,11,0,0,0,0,0,0,0,1.1,1,44.80%
Jerome Ford (CLE),1,2025,0,0,6,8,0,1,1,-3,0,0,0,1,1,28.50%
A.J. Dillon (PHI),1,2025,0,0,3,10,0,0,0,0,0,0,0,1,1,1.40%
Devin Singletary (NYG),1,2025,0,0,3,9,0,0,0,0,0,0,0,0.9,1,3.40%
Devin Neal (NO),1,2025,0,0,2,9,0,0,0,0,0,0,0,0.9,1,2.00%
Adam Prentice (DEN),1,2025,0,0,0,0,0,1,1,4,0,0,0,0.9,1,0.00%
Ollie Gordon II (MIA),1,2025,0,0,2,4,0,1,1,-1,0,0,0,0.8,1,26.30%
Zamir White (LV),1,2025,0,0,3,8,0,0,0,0,0,0,0,0.8,1,1.00%
Chris Brooks (GB),1,2025,0,0,1,1,0,1,1,2,0,0,0,0.8,1,0.80%
Ray Davis (BUF),1,2025,0,0,1,2,0,1,1,-1,0,0,0,0.6,1,14.20%
Alec Ingold (MIA),1,2025,0,0,0,0,0,2,1,1,0,0,0,0.6,1,0.60%
Rasheen Ali (BAL),1,2025,0,0,1,5,0,0,0,0,0,0,0,0.5,1,0.60%
Dameon Pierce (HOU),1,2025,0,0,3,5,0,1,0,0,0,0,0,0.5,1,3.10%
Emanuel Wilson (GB),1,2025,0,0,1,4,0,0,0,0,0,0,0,0.4,1,1.70%
Trevor Etienne (CAR),1,2025,0,0,1,4,0,0,0,0,0,0,0,0.4,1,4.50%
Woody Marks (HOU),1,2025,0,0,3,3,0,0,0,0,0,0,0,0.3,1,78.20%
Antonio Gibson (NE),1,2025,0,0,1,3,0,1,0,0,0,0,0,0.3,1,1.40%
Julius Chestnut (TEN),1,2025,0,0,2,2,0,0,0,0,0,0,0,0.2,1,1.20%
Sean Tucker (TB),1,2025,0,0,1,2,0,0,0,0,0,0,0,0.2,1,9.20%
Javian Hawkins (TEN),1,2025,0,0,0,0,0,0,0,0,0,0,0,0,0,0.00%
Keilan Robinson (NYJ),1,2025,0,0,0,0,0,0,0,0,0,0,0,0,0,0.00%
Elijah Mitchell (KC),1,2025,0,0,0,0,0,0,0,0,0,0,0,0,0,0.90%
Khalil Herbert (NYJ),1,2025,0,0,0,0,0,0,0,0,0,0,0,0,0,0.60%
Michael Carter (ARI),1,2025,0,0,0,0,0,0,0,0,0,0,0,0,0,46.30%
JaMycal Hasty (MIA),1,2025,0,0,0,0,0,0,0,0,0,0,0,0,0,1.10%
Jermar Jefferson (ARI),1,2025,0,0,0,0,0,0,0,0,0,0,0,0,0,0.60%
Reggie Gilliam (BUF),1,2025,0,0,0,0,0,0,0,0,0,0,0,0,1,0.00%
Patrick Taylor Jr. (SF),1,2025,0,0,0,0,0,0,0,0,0,0,0,0,0,1.30%
Craig Reynolds (DET),1,2025,0,0,0,0,0,0,0,0,0,0,0,0,1,0.60%
Cam Akers (MIN),1,2025,0,0,0,0,0,0,0,0,0,0,0,0,0,0.80%
D'Ernest Johnson (ARI),1,2025,0,0,0,0,0,0,0,0,0,0,0,0,0,1.00%
Clyde Edwards-Helaire (KC),1,2025,0,0,0,0,0,0,0,0,0,0,0,0,0,0.60%
DeeJay Dallas (CAR),1,2025,0,0,0,0,0,0,0,0,0,0,0,0,0,0.00%
Salvon Ahmed (IND),1,2025,0,0,0,0,0,0,0,0,0,0,0,0,0,0.00%
Ty Chandler (MIN),1,2025,0,0,0,0,0,0,0,0,0,0,0,0,1,0.90%
Trey Sermon (PIT),1,2025,0,0,0,0,0,0,0,0,0,0,0,0,0,1.00%
Raheem Blackshear (PIT),1,2025,0,0,0,0,0,0,0,0,0,0,0,0,0,1.40%
Chris Rodriguez Jr. (WAS),1,2025,0,0,0,0,0,0,0,0,0,0,0,0,0,14.50%
Jaylen Wright (MIA),1,2025,0,0,0,0,0,0,0,0,0,0,0,0,0,4.20%
Frank Gore Jr. (BUF),1,2025,0,0,0,0,0,0,0,0,0,0,0,0,0,1.00%
Hunter Luepke (DAL),1,2025,0,0,0,0,0,0,0,0,0,0,0,0,1,0.60%
Kimani Vidal (LAC),1,2025,0,0,0,0,0,0,0,0,0,0,0,0,0,1.00%
Jack Westover (NE),1,2025,0,0,0,0,0,0,0,0,0,0,0,0,1,0.00%
Isaac Guerendo (SF),1,2025,0,0,0,0,0,0,0,0,0,0,0,0,1,5.00%
Blake Watson (TEN),1,2025,0,0,0,0,0,0,0,0,0,0,0,0,0,1.10%
Carson Steele (KC),1,2025,0,0,0,0,0,0,0,0,0,0,0,0,0,1.10%
Jonathon Brooks (CAR),1,2025,0,0,0,0,0,0,0,0,0,0,0,0,0,0.70%
Jawhar Jordan (HOU),1,2025,0,0,0,0,0,0,0,0,0,0,0,0,0,0.00%
Sione Vaki (DET),1,2025,0,0,0,0,0,0,0,0,0,0,0,0,0,1.10%
Tahj Brooks (CIN),1,2025,0,0,0,0,0,0,0,0,0,0,0,0,1,1.60%
Dylan Laube (LV),1,2025,0,0,0,0,0,0,0,0,0,0,0,0,1,0.60%
Dante Miller (NYG),1,2025,0,0,0,0,0,0,0,0,0,0,0,0,0,0.00%
Lew Nichols III (PIT),1,2025,0,0,0,0,0,0,0,0,0,0,0,0,0,1.70%
Quinshon Judkins (CLE),1,2025,0,0,0,0,0,0,0,0,0,0,0,0,0,90.80%
Scott Matlock (LAC),1,2025,0,0,0,0,0,0,0,0,0,0,0,0,1,5.60%
Jaleel McLaughlin (DEN),1,2025,0,0,0,0,0,0,0,0,0,0,0,0,0,1.00%
Owen Wright (TB),1,2025,0,0,0,0,0,0,0,0,0,0,0,0,0,0.00%
Jordan Mims (TEN),1,2025,0,0,0,0,0,0,0,0,0,0,0,0,0,0.00%
Deneric Prince (NE),1,2025,0,0,0,0,0,0,0,0,0,0,0,0,0,0.00%
Zavier Scott (MIN),1,2025,0,0,0,0,0,0,0,0,0,0,0,0,0,5.10%
Brady Russell (SEA),1,2025,0,0,0,0,0,0,0,0,0,0,0,0,1,0.00%
Ben VanSumeren (PHI),1,2025,0,0,0,0,0,0,0,0,0,0,0,0,0,1.40%
Jacob Saylors (DET),1,2025,0,0,0,0,0,0,0,0,0,0,0,0,1,0.00%
Emari Demercado (ARI),1,2025,0,0,0,0,0,0,0,0,0,0,0,0,1,59.30%
Carlos Washington Jr. (ATL),1,2025,0,0,0,0,0,0,0,0,0,0,0,0,0,0.00%
Lan Larison (NE),1,2025,0,0,0,0,0,0,0,0,0,0,0,0,0,1.10%
Robbie Ouzts (SEA),1,2025,0,0,0,0,0,0,0,0,0,0,0,0,1,0.00%
Josh Williams (TB),1,2025,0,0,0,0,0,0,0,0,0,0,0,0,0,0.00%
Ahmani Marshall (CLE),1,2025,0,0,0,0,0,0,0,0,0,0,0,0,0,0.00%
Lucas Scott (BAL),1,2025,0,0,0,0,0,0,0,0,0,0,0,0,0,0.00%
Max Hurleman (PIT),1,2025,0,0,0,0,0,0,0,0,0,0,0,0,0,0.00%
Deion Hankins (CHI),1,2025,0,0,0,0,0,0,0,0,0,0,0,0,0,0.00%
Jacardia Wright (SEA),1,2025,0,0,0,0,0,0,0,0,0,0,0,0,0,0.00%
Brock Lampe (NE),1,2025,0,0,0,0,0,0,0,0,0,0,0,0,0,0.00%
Kye Robichaux (DET),1,2025,0,0,0,0,0,0,0,0,0,0,0,0,0,0.00%
Anthony Tyus III (CAR),1,2025,0,0,0,0,0,0,0,0,0,0,0,0,0,0.00%
Amar Johnson (LAC),1,2025,0,0,0,0,0,0,0,0,0,0,0,0,0,0.00%
Nathan Carter (ATL),1,2025,0,0,0,0,0,0,0,0,0,0,0,0,0,0.00%
British Brooks (HOU),1,2025,0,0,0,0,0,0,0,0,0,0,0,0,0,0.00%
Terrell Jennings (NE),1,2025,0,0,0,0,0,0,0,0,0,0,0,0,0,0.00%
Chris Collier (LV),1,2025,0,0,0,0,0,0,0,0,0,0,0,0,0,0.00%
Colson Yankoff (WAS),1,2025,0,0,0,0,0,0,0,0,0,0,0,0,1,1.10%
Kalel Mullings (TEN),1,2025,0,0,0,0,0,0,0,0,0,0,0,0,0,0.60%
Jordan James (SF),1,2025,0,0,0,0,0,0,0,0,0,0,0,0,0,1.00%
Brashard Smith (KC),1,2025,0,0,0,0,0,0,0,0,0,0,0,0,1,12.70%
Ja'Quinden Jackson (JAC),1,2025,0,0,0,0,0,0,0,0,0,0,0,0,0,1.00%
Kene Nwangwu (NYJ),1,2025,0,0,0,0,0,0,0,0,0,0,0,0,1,0.00%
Sincere McCormick (SF),1,2025,0,0,0,0,0,0,0,0,0,0,0,0,0,0.60%
Avery Williams (NYJ),1,2025,0,0,0,0,0,0,0,0,0,0,0,0,0,1.10%
Keaontay Ingram (KC),1,2025,0,0,0,0,0,0,0,0,0,0,0,0,0,0.00%
Gary Brightwell (CIN),1,2025,0,0,0,0,0,0,0,0,0,0,0,0,0,0.00%
Corey Kiner (MIN),1,2025,0,0,0,0,0,0,0,0,0,0,0,0,0,1.00%
Deuce Vaughn (DEN),1,2025,0,0,0,0,0,0,0,0,0,0,0,0,0,1.00%
Tyler Goodson (IND),1,2025,0,0,0,0,0,0,0,0,0,0,0,0,0,0.70%
Kendall Milton (CIN),1,2025,0,0,0,0,0,0,0,0,0,0,0,0,0,0.00%
Jashaun Corbin (NE),1,2025,0,0,0,0,0,0,0,0,0,0,0,0,0,0.00%
Phil Mafah (DAL),1,2025,0,0,0,0,0,0,0,0,0,0,0,0,0,0.60%
George Holani (SEA),1,2025,0,0,0,0,0,0,0,0,0,0,0,0,1,0.10%
MarShawn Lloyd (GB),1,2025,0,0,0,0,0,0,0,0,0,0,0,0,0,2.40%
Ulysses Bentley IV (IND),1,2025,0,0,1,0,0,0,0,0,0,0,0,0,1,0.00%
Eric Gray (NYG),1,2025,0,0,0,0,0,0,0,0,0,0,0,0,0,1.00%
Donovan Edwards (WAS),1,2025,0,0,0,0,0,0,0,0,0,0,0,0,0,1.00%
Audric Estime (PHI),1,2025,0,0,0,0,0,0,0,0,0,0,0,0,0,1.20%
Zonovan Knight (ARI),1,2025,0,0,0,0,0,0,0,0,0,0,0,0,0,0.10%
Brittain Brown (CHI),1,2025,0,0,0,0,0,0,0,0,0,0,0,0,0,1.20%
Keaton Mitchell (BAL),1,2025,0,0,0,0,0,0,0,0,0,0,0,0,0,4.60%
Kenny McIntosh (SEA),1,2025,0,0,0,0,0,0,0,0,0,0,0,0,0,1.00%
Tyjae Spears (TEN),1,2025,0,0,0,0,0,0,0,0,0,0,0,0,0,37.50%
Roschon Johnson (CHI),1,2025,0,0,0,0,0,0,0,0,0,0,0,0,0,2.90%
Malik Davis (DAL),1,2025,0,0,0,0,0,0,0,0,0,0,0,0,0,1.10%
Pierre Strong Jr. (GB),1,2025,0,0,0,0,0,0,0,0,0,0,0,0,0,1.10%
Ronnie Rivers (LAR),1,2025,0,0,0,0,0,0,0,0,0,0,0,0,0,1.10%
Hassan Haskins (LAC),1,2025,0,0,0,0,0,0,0,0,0,0,0,0,1,1.10%
Jaydon Blue (DAL),1,2025,0,0,0,0,0,0,0,0,0,0,0,0,0,17.90%
Jarquez Hunter (LAR),1,2025,0,0,0,0,0,0,0,0,0,0,0,0,0,1.40%
Velus Jones Jr. (FA),1,2025,0,0,0,0,0,0,0,0,0,0,0,0,1,0.00%
Jakob Johnson (HOU),1,2025,0,0,0,0,0,0,0,0,0,0,0,0,1,0.00%
Shane Bannon (KC),1,2025,0,0,0,0,0,0,0,0,0,0,0,0,0,0.00%
Jay Finley (CIN),1,2025,0,0,0,0,0,0,0,0,0,0,0,0,0,0.00%
Willie Carter (CHI),1,2025,0,0,0,0,0,0,0,0,0,0,0,0,0,0.00%
Kenny Irons (CIN),1,2025,0,0,0,0,0,0,0,0,0,0,0,0,0,0.00%
Chad Simpson (WAS),1,2025,0,0,0,0,0,0,0,0,0,0,0,0,0,0.00%
Anthony Alridge (WAS),1,2025,0,0,0,0,0,0,0,0,0,0,0,0,0,0.00%
Dantrell Savage (CAR),1,2025,0,0,0,0,0,0,0,0,0,0,0,0,0,0.00%
Xavier Omon (SF),1,2025,0,0,0,0,0,0,0,0,0,0,0,0,0,0.00%
Garrett Mills (NE),1,2025,0,0,0,0,0,0,0,0,0,0,0,0,0,0.00%
Madison Hedgecock (NYG),1,2025,0,0,0,0,0,0,0,0,0,0,0,0,0,0.00%
Samkon Gado (TEN),1,2025,0,0,0,0,0,0,0,0,0,0,0,0,0,0.00%
Tim Flanders (NO),1,2025,0,0,0,0,0,0,0,0,0,0,0,0,0,0.00%
Patrick Ricard (BAL),1,2025,0,0,0,0,0,0,0,0,0,0,0,0,0,1.40%
Nyheim Hines (LAC),1,2025,0,0,0,0,0,0,0,0,0,0,0,0,0,0.00%
Myles Gaskin (SEA),1,2025,0,0,0,0,0,0,0,0,0,0,0,0,0,0.00%
Joe Mixon (HOU),1,2025,0,0,0,0,0,0,0,0,0,0,0,0,0,67.10%
Taquan Mizzell (NYG),1,2025,0,0,0,0,0,0,0,0,0,0,0,0,0,0.00%
Andrew Beck (NYJ),1,2025,0,0,0,0,0,0,0,0,0,0,0,0,1,0.00%
Alexander Mattison (MIA),1,2025,0,0,0,0,0,0,0,0,0,0,0,0,0,0.60%
Mike Weber (NYG),1,2025,0,0,0,0,0,0,0,0,0,0,0,0,0,1.00%
Travis Homer (CHI),1,2025,0,0,0,0,0,0,0,0,0,0,0,0,0,1.00%
Chase Edmonds (WAS),1,2025,0,0,0,0,0,0,0,0,0,0,0,0,0,0.00%
Jeff Wilson Jr. (MIA),1,2025,0,0,0,0,0,0,0,0,0,0,0,0,1,1.00%
C.J. Ham (MIN),1,2025,0,0,0,0,0,0,0,0,0,0,0,0,0,0.60%
Brennan Clay (DEN),1,2025,0,0,0,0,0,0,0,0,0,0,0,0,0,0.00%
Ameer Abdullah (IND),1,2025,0,0,0,0,0,0,0,0,0,0,0,0,0,1.10%
Raheem Mostert (LV),1,2025,0,0,0,0,0,0,0,0,0,0,0,0,0,2.40%
Michael Burton (DEN),1,2025,0,0,0,0,0,0,0,0,0,0,0,0,0,0.00%
Kaleb Johnson (PIT),1,2025,0,0,1,-2,0,0,0,0,0,0,0,-0.2,1,32.50%
Justice Hill (BAL),1,2025,0,0,2,-14,0,2,1,3,0,0,0,-0.6,1,21.00%
Zay Flowers (BAL),1,2025,0,0,2,8,0,9,7,143,1,0,0,24.6,1,96.90%
Quentin Johnston (LAC),1,2025,0,0,0,0,0,7,5,79,2,0,0,22.4,1,66.90%
Emeka Egbuka (TB),1,2025,0,0,1,9,0,6,4,67,2,0,0,21.6,1,96.40%
Keon Coleman (BUF),1,2025,0,0,0,0,0,11,8,112,1,0,0,21.2,1,74.30%
Deebo Samuel Sr. (WAS),1,2025,0,0,1,19,1,10,7,77,0,0,0,19.1,1,91.90%
Garrett Wilson (NYJ),1,2025,0,0,0,0,0,9,7,95,1,0,0,19,1,98.70%
Puka Nacua (LAR),1,2025,0,0,1,1,0,11,10,130,0,0,0,18.1,1,99.80%
Michael Pittman Jr. (IND),1,2025,0,0,0,0,0,8,6,80,1,0,0,17,1,84.00%
Keenan Allen (LAC),1,2025,0,0,0,0,0,10,7,68,1,0,0,16.3,1,88.40%
Marvin Harrison Jr. (ARI),1,2025,0,0,0,0,0,6,5,71,1,0,0,15.6,1,97.20%
Courtland Sutton (DEN),1,2025,0,0,0,0,0,9,6,61,1,0,0,15.1,1,95.00%
Calvin Austin III (PIT),1,2025,0,0,0,0,0,6,4,70,1,0,0,15,1,9.50%
Marquise Brown (KC),1,2025,0,0,0,0,0,16,10,99,0,0,0,14.9,1,43.00%
Jaxon Smith-Njigba (SEA),1,2025,0,0,0,0,0,13,9,124,0,1,0,14.9,1,99.40%
CeeDee Lamb (DAL),1,2025,0,0,0,0,0,13,7,110,0,0,0,14.5,1,99.80%
Cedric Tillman (CLE),1,2025,0,0,0,0,0,8,5,52,1,0,0,13.7,1,21.20%
Jakobi Meyers (LV),1,2025,0,0,0,0,0,10,8,97,0,0,0,13.7,1,90.70%
Kayshon Boutte (NE),1,2025,0,0,0,0,0,8,6,103,0,0,0,13.3,1,7.40%
Justin Jefferson (MIN),1,2025,0,0,1,4,0,7,4,44,1,0,0,12.8,1,99.80%
Ricky Pearsall (SF),1,2025,0,0,0,0,0,7,4,108,0,0,0,12.8,1,86.60%
Rome Odunze (CHI),1,2025,0,0,0,0,0,9,6,37,1,0,0,12.7,1,95.00%
Tre Tucker (LV),1,2025,0,0,0,0,0,3,2,54,1,0,0,12.4,1,54.60%
Jayden Reed (GB),1,2025,0,0,0,0,0,5,3,45,1,0,0,12,1,42.80%
DeAndre Hopkins (BAL),1,2025,0,0,0,0,0,2,2,35,1,0,0,10.5,1,9.70%
Ladd McConkey (LAC),1,2025,0,0,0,0,0,9,6,74,0,0,0,10.4,1,97.00%
DK Metcalf (PIT),1,2025,0,0,0,0,0,7,4,83,0,0,0,10.3,1,97.30%
Malik Nabers (NYG),1,2025,0,0,0,0,0,12,5,71,0,0,0,9.6,1,47.60%
Drake London (ATL),1,2025,0,0,0,0,0,15,8,55,0,0,0,9.5,1,99.20%
Khalil Shakir (BUF),1,2025,0,0,0,0,0,9,6,64,0,0,0,9.4,1,80.90%
Tetairoa McMillan (CAR),1,2025,0,0,0,0,0,9,5,68,0,0,0,9.3,1,94.60%
Jerry Jeudy (CLE),1,2025,0,0,0,0,0,8,5,66,0,0,0,9.1,1,86.20%
Chris Olave (NO),1,2025,0,0,0,0,0,13,7,54,0,0,0,8.9,1,90.30%
Stefon Diggs (NE),1,2025,0,0,0,0,0,7,6,57,0,0,0,8.7,1,85.30%
Ben Skowronek (PIT),1,2025,0,0,0,0,0,1,1,22,1,0,0,8.7,1,0.10%
Joshua Palmer (BUF),1,2025,0,0,0,0,0,9,5,61,0,0,0,8.6,1,13.40%
Brian Thomas Jr. (JAC),1,2025,0,0,1,9,1,7,1,11,0,0,0,8.5,1,98.10%
Wan'Dale Robinson (NYG),1,2025,0,0,0,0,0,8,6,55,0,0,0,8.5,1,51.90%
JuJu Smith-Schuster (KC),1,2025,0,0,0,0,0,5,5,55,0,0,0,8,1,7.30%
Isaac TeSlaa (DET),1,2025,0,0,0,0,0,1,1,13,1,0,0,7.8,1,5.60%
Romeo Doubs (GB),1,2025,0,0,0,0,0,4,2,68,0,0,0,7.8,1,38.20%
Mike Evans (TB),1,2025,0,0,0,0,0,8,5,51,0,0,0,7.6,1,95.70%
Jahan Dotson (PHI),1,2025,0,0,0,0,0,3,3,59,0,0,0,7.4,1,1.20%
Dyami Brown (JAC),1,2025,0,0,2,6,0,4,3,52,0,0,0,7.3,1,4.70%
DeMario Douglas (NE),1,2025,0,0,1,4,0,7,2,-2,1,0,0,7.2,1,13.00%
DJ Moore (CHI),1,2025,0,0,3,8,0,5,3,68,0,1,0,7.1,1,89.40%
Davante Adams (LAR),1,2025,0,0,0,0,0,8,4,51,0,0,0,7.1,1,98.50%
Ray-Ray McCloud III (ATL),1,2025,0,0,0,0,0,5,3,51,0,0,0,6.6,1,1.50%
Amon-Ra St. Brown (DET),1,2025,0,0,0,0,0,6,4,45,0,0,0,6.5,1,99.70%
Troy Franklin (DEN),1,2025,0,0,0,0,0,6,4,44,0,0,0,6.4,1,40.10%
Rashid Shaheed (NO),1,2025,0,0,0,0,0,9,6,33,0,0,0,6.3,1,67.80%
Travis Hunter (JAC),1,2025,0,0,0,0,0,8,6,33,0,0,0,6.3,1,87.60%
Olamide Zaccheaus (CHI),1,2025,0,0,0,0,0,7,4,42,0,0,0,6.2,1,0.90%
Tyreek Hill (MIA),1,2025,0,0,0,0,0,6,4,40,0,0,0,6,1,59.00%
Dont'e Thornton Jr. (LV),1,2025,0,0,0,0,0,4,2,45,0,0,0,5.5,1,7.20%
Sterling Shepard (TB),1,2025,0,0,0,0,0,6,3,39,0,0,0,5.4,1,2.60%
Tyquan Thornton (KC),1,2025,0,0,0,0,0,4,2,41,0,0,0,5.1,1,12.10%
Jaylen Waddle (MIA),1,2025,0,0,0,0,0,5,4,30,0,0,0,5,1,94.10%
Casey Washington (ATL),1,2025,0,0,0,0,0,6,3,33,0,0,0,4.8,1,0.00%
Tee Higgins (CIN),1,2025,0,0,0,0,0,4,3,33,0,0,0,4.8,1,96.80%
Calvin Ridley (TEN),1,2025,0,0,0,0,0,8,4,27,0,0,0,4.7,1,74.70%
Jameson Williams (DET),1,2025,0,0,1,3,0,5,4,23,0,0,0,4.6,1,91.90%
Xavier Hutchinson (HOU),1,2025,0,0,1,5,0,2,2,30,0,0,0,4.5,1,0.60%
George Pickens (DAL),1,2025,0,0,0,0,0,4,3,30,0,0,0,4.5,1,96.80%
Jayden Higgins (HOU),1,2025,0,0,0,0,0,3,2,32,0,0,0,4.2,1,22.40%
Xavier Smith (LAR),1,2025,0,0,0,0,0,1,1,36,0,0,0,4.1,1,1.00%
Alec Pierce (IND),1,2025,0,0,0,0,0,3,1,36,0,0,0,4.1,1,6.30%
Tyler Johnson (NYJ),1,2025,0,0,0,0,0,2,2,31,0,0,0,4.1,1,1.10%
Brandin Cooks (NO),1,2025,0,0,0,0,0,4,3,26,0,0,0,4.1,1,2.40%
Nico Collins (HOU),1,2025,0,0,0,0,0,5,3,25,0,0,0,4,1,99.60%
Dontayvion Wicks (GB),1,2025,0,0,0,0,0,2,2,30,0,0,0,4,1,3.50%
Malik Washington (MIA),1,2025,0,0,1,9,0,5,2,20,0,0,0,3.9,1,29.70%
Chris Moore (WAS),1,2025,0,0,0,0,0,1,1,34,0,0,0,3.9,1,0.00%
KaVontae Turpin (DAL),1,2025,0,0,2,9,0,2,2,18,0,0,0,3.7,1,10.80%
Noah Brown (WAS),1,2025,0,0,0,0,0,3,2,27,0,0,0,3.7,1,1.00%
Terry McLaurin (WAS),1,2025,0,0,0,0,0,4,2,27,0,0,0,3.7,1,94.70%
Justin Watson (HOU),1,2025,0,0,0,0,0,2,2,27,0,0,0,3.7,1,1.80%
Ja'Marr Chase (CIN),1,2025,0,0,0,0,0,5,2,26,0,0,0,3.6,1,99.70%
Jalen Nailor (MIN),1,2025,0,0,0,0,0,3,1,28,0,0,0,3.3,1,2.10%
Adonai Mitchell (IND),1,2025,0,0,0,0,0,2,2,21,0,0,0,3.1,1,2.50%
DeVonta Smith (PHI),1,2025,0,0,0,0,0,3,3,16,0,0,0,3.1,1,92.90%
Jack Bech (LV),1,2025,0,0,0,0,0,1,1,23,0,0,0,2.8,1,3.60%
Josh Reynolds (NYJ),1,2025,0,0,0,0,0,3,2,18,0,0,0,2.8,1,1.60%
Matthew Golden (GB),1,2025,0,0,0,0,0,2,2,16,0,0,0,2.6,1,74.40%
Kalif Raymond (DET),1,2025,0,0,0,0,0,3,2,16,0,0,0,2.6,1,0.60%
Jauan Jennings (SF),1,2025,0,0,0,0,0,5,2,16,0,0,0,2.6,1,76.10%
Cooper Kupp (SEA),1,2025,0,0,0,0,0,3,2,15,0,0,0,2.5,1,77.90%
Xavier Legette (CAR),1,2025,0,0,0,0,0,7,3,10,0,0,0,2.5,1,16.00%
Elic Ayomanor (TEN),1,2025,0,0,0,0,0,7,2,13,0,0,0,2.3,1,42.50%
Josh Downs (IND),1,2025,0,0,0,0,0,3,2,12,0,0,0,2.2,1,54.50%
Hunter Renfrow (CAR),1,2025,0,0,0,0,0,6,2,11,0,0,0,2.1,1,1.70%
Adam Thielen (MIN),1,2025,0,0,0,0,0,1,0,0,0,0,0,2,1,13.40%
Rashod Bateman (BAL),1,2025,0,0,0,0,0,4,2,10,0,0,0,2,1,26.20%
Devaughn Vele (NO),1,2025,0,0,0,0,0,2,1,13,0,0,0,1.8,1,0.60%
Kyle Williams (NE),1,2025,0,0,0,0,0,1,1,12,0,0,0,1.7,1,3.80%
Jaylin Lane (WAS),1,2025,0,0,0,0,0,2,1,11,0,0,0,1.6,1,0.90%
Tre Harris (LAC),1,2025,0,0,0,0,0,1,1,11,0,0,0,1.6,1,6.90%
Elijah Moore (BUF),1,2025,0,0,1,8,0,1,1,3,0,0,0,1.6,1,0.60%
Ashton Dulin (IND),1,2025,0,0,1,15,0,0,0,0,0,0,0,1.5,1,0.00%
Dee Eskridge (MIA),1,2025,0,0,0,0,0,2,1,9,0,0,0,1.4,1,0.10%
A.J. Brown (PHI),1,2025,0,0,0,0,0,1,1,8,0,0,0,1.3,1,99.20%
Bryce Oliver (TEN),1,2025,0,0,0,0,0,1,1,8,0,0,0,1.3,1,0.00%
Jaylin Noel (HOU),1,2025,0,0,0,0,0,2,1,7,0,0,0,1.2,1,2.00%
Nick Westbrook-Ikhine (MIA),1,2025,0,0,0,0,0,2,1,7,0,0,0,1.2,1,1.50%
Jamari Thrash (CLE),1,2025,0,0,0,0,0,1,1,6,0,0,0,1.1,1,0.70%
Michael Wilson (ARI),1,2025,0,0,0,0,0,4,1,5,0,0,0,1,1,4.10%
Isaiah Bond (CLE),1,2025,0,0,0,0,0,1,1,5,0,0,0,1,1,11.30%
Chimere Dike (TEN),1,2025,0,0,1,9,0,1,0,0,0,0,0,0.9,1,1.30%
Zay Jones (ARI),1,2025,0,0,0,0,0,1,1,4,0,0,0,0.9,1,0.60%
Tutu Atwell (LAR),1,2025,0,0,0,0,0,1,1,4,0,0,0,0.9,1,1.50%
Trent Sherfield Sr. (DEN),1,2025,0,0,0,0,0,1,1,3,0,0,0,0.8,1,0.00%
Mack Hollins (NE),1,2025,0,0,0,0,0,2,1,3,0,0,0,0.8,1,0.90%
Marvin Mims Jr. (DEN),1,2025,0,0,0,0,0,4,3,12,0,1,0,0.7,1,36.60%
Savion Williams (GB),1,2025,0,0,0,0,0,1,1,1,0,0,0,0.6,1,0.70%
Jordan Whittington (LAR),1,2025,0,0,1,5,0,0,0,0,0,0,0,0.5,1,1.10%
Jalen Tolbert (DAL),1,2025,0,0,0,0,0,2,1,0,0,0,0,0.5,1,7.10%
Derius Davis (LAC),1,2025,0,0,1,3,0,0,0,0,0,0,0,0.3,1,0.60%
Greg Dortch (ARI),1,2025,0,0,0,0,0,1,1,-2,0,0,0,0.3,1,0.80%
Luther Burden III (CHI),1,2025,0,0,0,0,0,1,1,-3,0,0,0,0.2,1,14.70%
Chris Tyree (NO),1,2025,0,0,0,0,0,0,0,0,0,0,0,0,0,0.00%
Kevin Austin Jr. (NO),1,2025,0,0,0,0,0,0,0,0,0,0,0,0,0,0.00%
Jonathan Mingo (DAL),1,2025,0,0,0,0,0,0,0,0,0,0,0,0,0,0.60%
Xavier Worthy (KC),1,2025,0,0,1,0,0,1,0,0,0,0,0,0,1,96.00%
Malik Cunningham (DET),1,2025,0,0,0,0,0,0,0,0,0,0,0,0,0,1.10%
Jermaine Burton (CIN),1,2025,0,0,0,0,0,0,0,0,0,0,0,0,0,0.60%
Arian Smith (NYJ),1,2025,0,0,0,0,0,0,0,0,0,0,0,0,1,0.60%
Cornelius Johnson (BAL),1,2025,0,0,0,0,0,0,0,0,0,0,0,0,0,1.00%
Ronnie Bell (NO),1,2025,0,0,0,0,0,0,0,0,0,0,0,0,0,0.00%
AJ Henning (MIA),1,2025,0,0,0,0,0,0,0,0,0,0,0,0,0,0.00%
Jalen McMillan (TB),1,2025,0,0,0,0,0,0,0,0,0,0,0,0,0,4.40%
Ainias Smith (CAR),1,2025,0,0,0,0,0,0,0,0,0,0,0,0,0,1.00%
Simi Fehoko (ARI),1,2025,0,0,0,0,0,0,0,0,0,0,0,0,0,1.00%
Parker Washington (JAC),1,2025,0,0,0,0,0,0,0,0,0,0,0,0,1,0.90%
Jordan Addison (MIN),1,2025,0,0,0,0,0,0,0,0,0,0,0,0,0,84.80%
David Bell (CLE),1,2025,0,0,0,0,0,0,0,0,0,0,0,0,0,0.00%
Rashee Rice (KC),1,2025,0,0,0,0,0,0,0,0,0,0,0,0,0,87.70%
Beaux Collins (NYG),1,2025,0,0,0,0,0,0,0,0,0,0,0,0,1,0.10%
Traeshon Holden (DAL),1,2025,0,0,0,0,0,0,0,0,0,0,0,0,0,0.00%
John Metchie III (PHI),1,2025,0,0,0,0,0,0,0,0,0,0,0,0,1,0.80%
Ja'Corey Brooks (WAS),1,2025,0,0,0,0,0,0,0,0,0,0,0,0,0,1.00%
Javon Baker (PHI),1,2025,0,0,0,0,0,0,0,0,0,0,0,0,0,1.00%
Chris Blair (ATL),1,2025,0,0,0,0,0,0,0,0,0,0,0,0,0,0.00%
Mason Kinsey (TEN),1,2025,0,0,0,0,0,0,0,0,0,0,0,0,0,0.00%
Quez Watkins (PHI),1,2025,0,0,0,0,0,0,0,0,0,0,0,0,0,0.00%
Cody White (SEA),1,2025,0,0,0,0,0,0,0,0,0,0,0,0,1,0.00%
Rondale Moore (MIN),1,2025,0,0,0,0,0,0,0,0,0,0,0,0,0,1.20%
Lawrence Cager (WAS),1,2025,0,0,0,0,0,0,0,0,0,0,0,0,0,0.00%
Tylan Wallace (BAL),1,2025,0,0,0,0,0,0,0,0,0,0,0,0,1,0.60%
Van Jefferson (TEN),1,2025,0,0,0,0,0,0,0,0,0,0,0,0,1,0.60%
Darnell Mooney (ATL),1,2025,0,0,0,0,0,0,0,0,0,0,0,0,0,48.50%
Kristian Wilkerson (BUF),1,2025,0,0,0,0,0,0,0,0,0,0,0,0,0,1.00%
Alex Bachman (LV),1,2025,0,0,0,0,0,1,0,0,0,0,0,0,1,0.00%
D.J. Montgomery (IND),1,2025,0,0,0,0,0,0,0,0,0,0,0,0,0,0.00%
Brandon Aiyuk (SF),1,2025,0,0,0,0,0,0,0,0,0,0,0,0,0,48.80%
Devin Duvernay (CHI),1,2025,0,0,0,0,0,0,0,0,0,0,0,0,1,0.60%
James Proche II (TEN),1,2025,0,0,0,0,0,0,0,0,0,0,0,0,0,0.00%
Isaiah Hodgins (PIT),1,2025,0,0,0,0,0,0,0,0,0,0,0,0,0,0.00%
Quintez Cephus (HOU),1,2025,0,0,0,0,0,0,0,0,0,0,0,0,0,0.00%
Gabe Davis (BUF),1,2025,0,0,0,0,0,0,0,0,0,0,0,0,0,0.90%
Jalen Reagor (LAC),1,2025,0,0,0,0,0,0,0,0,0,0,0,0,0,0.00%
Tom Kennedy (DET),1,2025,0,0,0,0,0,0,0,0,0,0,0,0,0,0.00%
Gunner Olszewski (NYG),1,2025,0,0,0,0,0,0,0,0,0,0,0,0,1,0.00%
Andre Baccellia (ARI),1,2025,0,0,0,0,0,0,0,0,0,0,0,0,0,0.00%
Dan Chisena (CAR),1,2025,0,0,0,0,0,0,0,0,0,0,0,0,0,0.00%
Ihmir Smith-Marsette (NYG),1,2025,0,0,0,0,0,0,0,0,0,0,0,0,0,1.00%
Seth Williams (LV),1,2025,0,0,0,0,0,0,0,0,0,0,0,0,0,0.00%
Terrace Marshall Jr. (PHI),1,2025,0,0,0,0,0,0,0,0,0,0,0,0,0,1.00%
Mason Tipton (NO),1,2025,0,0,0,0,0,0,0,0,0,0,0,0,0,1.30%
JaQuae Jackson (LAC),1,2025,0,0,0,0,0,0,0,0,0,0,0,0,0,0.00%
Jeshaun Jones (MIN),1,2025,0,0,0,0,0,0,0,0,0,0,0,0,0,0.00%
Kameron Johnson (TB),1,2025,0,0,0,0,0,0,0,0,0,0,0,0,1,0.00%
Anthony Gould (IND),1,2025,0,0,0,0,0,0,0,0,0,0,0,0,1,0.60%
Dayton Wade (BAL),1,2025,0,0,0,0,0,0,0,0,0,0,0,0,0,0.00%
Tejhaun Palmer (ARI),1,2025,0,0,0,0,0,0,0,0,0,0,0,0,0,0.00%
Jalen Coker (CAR),1,2025,0,0,0,0,0,0,0,0,0,0,0,0,0,10.30%
Malachi Corley (CLE),1,2025,0,0,0,0,0,0,0,0,0,0,0,0,0,1.10%
Isaiah Neyor (GB),1,2025,0,0,0,0,0,0,0,0,0,0,0,0,0,1.00%
Tory Horton (SEA),1,2025,0,0,0,0,0,0,0,0,0,0,0,0,1,7.90%
John Stephens Jr. (DAL),1,2025,0,0,0,0,0,0,0,0,0,0,0,0,0,0.00%
Devontez Walker (BAL),1,2025,0,0,0,0,0,0,0,0,0,0,0,0,0,0.60%
Dominic Lovett (DET),1,2025,0,0,0,0,0,0,0,0,0,0,0,0,0,1.00%
Bub Means (NO),1,2025,0,0,0,0,0,0,0,0,0,0,0,0,0,1.00%
Luke McCaffrey (WAS),1,2025,0,0,0,0,0,0,0,0,0,0,0,0,1,5.80%
Joshua Cephus (JAC),1,2025,0,0,0,0,0,0,0,0,0,0,0,0,0,0.00%
Isaiah Williams (NYJ),1,2025,0,0,0,0,0,0,0,0,0,0,0,0,0,0.00%
Tahj Washington (MIA),1,2025,0,0,0,0,0,0,0,0,0,0,0,0,0,1.00%
Ryan Flournoy (DAL),1,2025,0,0,0,0,0,0,0,0,0,0,0,0,0,0.70%
Ja'Lynn Polk (NO),1,2025,0,0,0,0,0,0,0,0,0,0,0,0,0,1.00%
Roman Wilson (PIT),1,2025,0,0,0,0,0,0,0,0,0,0,0,0,1,1.40%
John Jiles (NE),1,2025,0,0,0,0,0,0,0,0,0,0,0,0,0,0.00%
Dalen Cambre (NYG),1,2025,0,0,0,0,0,0,0,0,0,0,0,0,0,0.00%
Chandler Brayboy (JAC),1,2025,0,0,0,0,0,0,0,0,0,0,0,0,0,0.00%
Quentin Skinner (NYJ),1,2025,0,0,0,0,0,0,0,0,0,0,0,0,0,0.00%
Jackson Meeks (DET),1,2025,0,0,0,0,0,0,0,0,0,0,0,0,0,0.00%
Jakobie Keeney-James (GB),1,2025,0,0,0,0,0,0,0,0,0,0,0,0,0,0.00%
Dontae Fleming (MIN),1,2025,0,0,0,0,0,0,0,0,0,0,0,0,0,0.00%
Ke'Shawn Williams (PIT),1,2025,0,0,0,0,0,0,0,0,0,0,0,0,0,0.00%
Coleman Owen (IND),1,2025,0,0,0,0,0,0,0,0,0,0,0,0,0,0.00%
Brennan Presley (LAR),1,2025,0,0,0,0,0,0,0,0,0,0,0,0,0,0.00%
Junior Bergen (SF),1,2025,0,0,0,0,0,0,0,0,0,0,0,0,0,0.00%
JP Richardson (CHI),1,2025,0,0,0,0,0,0,0,0,0,0,0,0,0,0.00%
Jordan Moore (CIN),1,2025,0,0,0,0,0,0,0,0,0,0,0,0,0,0.00%
Stephen Gosnell (BUF),1,2025,0,0,0,0,0,0,0,0,0,0,0,0,0,0.00%
Courtney Jackson (SEA),1,2025,0,0,0,0,0,0,0,0,0,0,0,0,0,0.00%
Luke Grimm (LAC),1,2025,0,0,0,0,0,0,0,0,0,0,0,0,0,0.00%
Tru Edwards (LAR),1,2025,0,0,0,0,0,0,0,0,0,0,0,0,0,0.00%
Jordan Watkins (SF),1,2025,0,0,0,0,0,0,0,0,0,0,0,0,0,0.70%
Dalevon Campbell (CAR),1,2025,0,0,0,0,0,0,0,0,0,0,0,0,0,0.00%
Cade McDonald (CLE),1,2025,0,0,0,0,0,0,0,0,0,0,0,0,0,0.00%
Tyrone Broden (SEA),1,2025,0,0,0,0,0,0,0,0,0,0,0,0,0,0.00%
Myles Price (MIN),1,2025,0,0,0,0,0,0,0,0,0,0,0,0,1,0.10%
Jahdae Walker (CHI),1,2025,0,0,0,0,0,0,0,0,0,0,0,0,0,0.10%
Gage Larvadain (CLE),1,2025,0,0,0,0,0,0,0,0,0,0,0,0,0,0.00%
Jeremiah Webb (NE),1,2025,0,0,0,0,0,0,0,0,0,0,0,0,1,0.00%
Luke Floriea (CLE),1,2025,0,0,0,0,0,0,0,0,0,0,0,0,0,0.00%
Darius Cooper (PHI),1,2025,0,0,0,0,0,0,0,0,0,0,0,0,1,1.50%
Jimmy Holiday (KC),1,2025,0,0,0,0,0,0,0,0,0,0,0,0,0,0.00%
Ja'seem Reed (CAR),1,2025,0,0,0,0,0,0,0,0,0,0,0,0,0,0.00%
Josh Kelly (HOU),1,2025,0,0,0,0,0,0,0,0,0,0,0,0,0,0.00%
TJ Moore (NYG),1,2025,0,0,0,0,0,0,0,0,0,0,0,0,0,0.00%
Jimmy Horn Jr. (CAR),1,2025,0,0,0,0,0,0,0,0,0,0,0,0,0,0.70%
Da'Quan Felton (NYG),1,2025,0,0,0,0,0,0,0,0,0,0,0,0,0,0.00%
Xavier Restrepo (TEN),1,2025,0,0,0,0,0,0,0,0,0,0,0,0,0,1.50%
Jalen Royals (KC),1,2025,0,0,0,0,0,0,0,0,0,0,0,0,0,1.60%
Nick Nash (ATL),1,2025,0,0,0,0,0,0,0,0,0,0,0,0,0,1.00%
Tez Johnson (TB),1,2025,0,0,0,0,0,1,0,0,0,0,0,0,1,0.60%
Tai Felton (MIN),1,2025,0,0,0,0,0,0,0,0,0,0,0,0,1,0.60%
Ricky White III (SEA),1,2025,0,0,0,0,0,0,0,0,0,0,0,0,0,1.00%
Pat Bryant (DEN),1,2025,0,0,0,0,0,0,0,0,0,0,0,0,1,2.30%
Theo Wease Jr. (MIA),1,2025,0,0,0,0,0,0,0,0,0,0,0,0,0,0.00%
Will Sheppard (GB),1,2025,0,0,0,0,0,0,0,0,0,0,0,0,0,0.00%
Jacksin Meeks (DET),1,2025,0,0,0,0,0,0,0,0,0,0,0,0,0,0.00%
Efton Chism III (NE),1,2025,0,0,0,0,0,0,0,0,0,0,0,0,0,0.70%
LaJohntay Wester (BAL),1,2025,0,0,0,0,0,0,0,0,0,0,0,0,1,0.70%
Traeshin Holden (DAL),1,2025,0,0,0,0,0,0,0,0,0,0,0,0,0,0.00%
Konata Mumpfield (LAR),1,2025,0,0,0,0,0,0,0,0,0,0,0,0,1,1.00%
Jamaal Pritchett (NYJ),1,2025,0,0,0,0,0,0,0,0,0,0,0,0,0,0.00%
Garrett Greene (TB),1,2025,0,0,0,0,0,0,0,0,0,0,0,0,0,0.00%
Austin Trammell (JAC),1,2025,0,0,0,0,0,0,0,0,0,0,0,0,0,0.00%
Britain Covey (PHI),1,2025,0,0,0,0,0,0,0,0,0,0,0,0,0,0.00%
Jacoby Jones (WAS),1,2025,0,0,0,0,0,0,0,0,0,0,0,0,1,0.00%
A.T. Perry (DEN),1,2025,0,0,0,0,0,0,0,0,0,0,0,0,0,1.60%
KeAndre Lambert-Smith (LAC),1,2025,0,0,0,0,0,1,0,0,0,0,0,0,1,0.60%
Velus Jones Jr. (FA),1,2025,0,0,0,0,0,0,0,0,0,0,0,0,1,0.00%
Mitch Tinsley (CIN),1,2025,0,0,0,0,0,0,0,0,0,0,0,0,1,0.60%
Dareke Young (SEA),1,2025,0,0,0,0,0,0,0,0,0,0,0,0,0,0.00%
Tim Jones (JAC),1,2025,0,0,0,0,0,0,0,0,0,0,0,0,1,0.00%
Michael Bandy (DEN),1,2025,0,0,0,0,0,0,0,0,0,0,0,0,0,0.00%
Avery Williams (NYJ),1,2025,0,0,0,0,0,0,0,0,0,0,0,0,0,1.10%
Brandon Smith (NYJ),1,2025,0,0,0,0,0,0,0,0,0,0,0,0,0,0.00%
Justin Shorter (LV),1,2025,0,0,0,0,0,0,0,0,0,0,0,0,1,1.90%
Tay Martin (WAS),1,2025,0,0,0,0,0,0,0,0,0,0,0,0,0,0.00%
Bo Melton (GB),1,2025,0,0,0,0,0,0,0,0,0,0,0,0,1,1.50%
Deven Thompkins (ATL),1,2025,0,0,0,0,0,0,0,0,0,0,0,0,0,0.00%
Xavier Weaver (ARI),1,2025,0,0,0,0,0,0,0,0,0,0,0,0,0,0.00%
Skyy Moore (SF),1,2025,0,0,0,0,0,0,0,0,0,0,0,0,1,1.90%
Samori Toure (DEN),1,2025,0,0,0,0,0,0,0,0,0,0,0,0,0,0.00%
Christian Watson (GB),1,2025,0,0,0,0,0,0,0,0,0,0,0,0,0,4.90%
Jared Wayne (HOU),1,2025,0,0,0,0,0,0,0,0,0,0,0,0,0,0.00%
Brycen Tremayne (CAR),1,2025,0,0,0,0,0,0,0,0,0,0,0,0,1,0.00%
Thayer Thomas (DEN),1,2025,0,0,0,0,0,0,0,0,0,0,0,0,0,0.00%
Jalen Brooks (DAL),1,2025,0,0,0,0,0,0,0,0,0,0,0,0,0,1.00%
Tyrell Shavers (BUF),1,2025,0,0,0,0,0,0,0,0,0,0,0,0,1,0.10%
Ryan Miller (TB),1,2025,0,0,0,0,0,1,0,0,0,0,0,0,1,1.00%
Dylan Drummond (ATL),1,2025,0,0,0,0,0,0,0,0,0,0,0,0,0,0.00%
Nikko Remigio (KC),1,2025,0,0,0,0,0,0,0,0,0,0,0,0,1,0.60%
Malik Heath (GB),1,2025,0,0,0,0,0,0,0,0,0,0,0,0,1,0.60%
Shedrick Jackson (LV),1,2025,0,0,0,0,0,0,0,0,0,0,0,0,0,1.00%
Jason Brownlee (KC),1,2025,0,0,0,0,0,1,0,0,0,0,0,0,1,0.00%
Tank Dell (HOU),1,2025,0,0,0,0,0,0,0,0,0,0,0,0,0,1.90%
Irvin Charles (NYJ),1,2025,0,0,0,0,0,0,0,0,0,0,0,0,0,1.10%
Dennis Houston (TB),1,2025,0,0,0,0,0,0,0,0,0,0,0,0,0,1.00%
Kendric Pryor (CIN),1,2025,0,0,0,0,0,0,0,0,0,0,0,0,0,0.00%
Kaden Davis (CLE),1,2025,0,0,0,0,0,0,0,0,0,0,0,0,0,1.10%
Jalen Cropper (DAL),1,2025,0,0,0,0,0,0,0,0,0,0,0,0,0,0.00%
Andrei Iosivas (CIN),1,2025,0,0,0,0,0,0,0,0,0,0,0,0,1,1.60%
Jalin Hyatt (NYG),1,2025,0,0,0,0,0,0,0,0,0,0,0,0,0,1.10%
Jacob Cowing (SF),1,2025,0,0,0,0,0,0,0,0,0,0,0,0,0,1.00%
Johnny Wilson (PHI),1,2025,0,0,0,0,0,0,0,0,0,0,0,0,0,1.10%
Trey Palmer (NO),1,2025,0,0,0,0,0,0,0,0,0,0,0,0,0,1.00%
Charlie Jones (CIN),1,2025,0,0,0,0,0,0,0,0,0,0,0,0,1,0.60%
Maurice Alexander (CHI),1,2025,0,0,0,0,0,0,0,0,0,0,0,0,0,1.00%
Jake Bobo (SEA),1,2025,0,0,0,0,0,0,0,0,0,0,0,0,0,0.80%
Bryce Ford-Wheaton (NYG),1,2025,0,0,0,0,0,0,0,0,0,0,0,0,0,1.10%
Patrick Edwards (DET),1,2025,0,0,0,0,0,0,0,0,0,0,0,0,0,0.00%
Kenny McKinley (DEN),1,2025,0,0,0,0,0,0,0,0,0,0,0,0,0,0.00%
Nate Hughes (JAC),1,2025,0,0,0,0,0,0,0,0,0,0,0,0,0,0.00%
Mike Furrey (WAS),1,2025,0,0,0,0,0,0,0,0,0,0,0,0,0,0.00%
Marko Mitchell (MIN),1,2025,0,0,0,0,0,0,0,0,0,0,0,0,0,0.00%
Maurice Purify (CIN),1,2025,0,0,0,0,0,0,0,0,0,0,0,0,0,0.00%
Rod Harper (PHI),1,2025,0,0,0,0,0,0,0,0,0,0,0,0,0,0.00%
Chris Henry (CIN),1,2025,0,0,0,0,0,0,0,0,0,0,0,0,0,0.00%
Bobby Wade (WAS),1,2025,0,0,0,0,0,0,0,0,0,0,0,0,0,0.00%
Demario Ballard (DET),1,2025,0,0,0,0,0,0,0,0,0,0,0,0,0,0.00%
Sam Giguere (NYG),1,2025,0,0,0,0,0,0,0,0,0,0,0,0,0,0.00%
Kendrick Bourne (SF),1,2025,0,0,0,0,0,0,0,0,0,0,0,0,0,3.90%
Marquez Valdes-Scantling (SF),1,2025,0,0,0,0,0,0,0,0,0,0,0,0,1,0.60%
Allen Lazard (NYJ),1,2025,0,0,0,0,0,0,0,0,0,0,0,0,0,0.80%
Christian Kirk (HOU),1,2025,0,0,0,0,0,0,0,0,0,0,0,0,0,37.00%
Cedrick Wilson Jr. (MIA),1,2025,0,0,0,0,0,0,0,0,0,0,0,0,0,1.10%
Dante Pettis (NO),1,2025,0,0,0,0,0,0,0,0,0,0,0,0,0,1.00%
Braxton Berrios (HOU),1,2025,0,0,0,0,0,0,0,0,0,0,0,0,0,0.60%
David Moore (CAR),1,2025,0,0,0,0,0,0,0,0,0,0,0,0,1,0.80%
Jamal Agnew (ATL),1,2025,0,0,0,0,0,0,0,0,0,0,0,0,1,0.00%
Trent Taylor (SF),1,2025,0,0,0,0,0,0,0,0,0,0,0,0,0,0.00%
Tim Patrick (JAC),1,2025,0,0,0,0,0,0,0,0,0,0,0,0,1,1.10%
Russell Gage Jr. (SF),1,2025,0,0,0,0,0,0,0,0,0,0,0,0,1,0.00%
Parris Campbell (DAL),1,2025,0,0,0,0,0,0,0,0,0,0,0,0,0,0.00%
Darius Slayton (NYG),1,2025,0,0,0,0,0,1,0,0,0,0,0,0,1,44.90%
Miles Boykin (CHI),1,2025,0,0,0,0,0,0,0,0,0,0,0,0,0,0.00%
Quinton Bell (MIA),1,2025,0,0,0,0,0,0,0,0,0,0,0,0,0,0.60%
Scotty Miller (PIT),1,2025,0,0,0,0,0,0,0,0,0,0,0,0,1,0.10%
David Sills V (ATL),1,2025,0,0,0,0,0,0,0,0,0,0,0,0,1,0.00%
Lil'Jordan Humphrey (NYG),1,2025,0,0,0,0,0,0,0,0,0,0,0,0,0,1.20%
Malik Turner (SF),1,2025,0,0,0,0,0,0,0,0,0,0,0,0,0,0.00%
Keith Kirkwood (BAL),1,2025,0,0,0,0,0,0,0,0,0,0,0,0,0,0.00%
KhaDarel Hodge (ATL),1,2025,0,0,0,0,0,1,0,0,0,0,0,0,1,1.20%
Tyler Lockett (TEN),1,2025,0,0,0,0,0,1,0,0,0,0,0,0,1,3.10%
DeAndre Carter (CLE),1,2025,0,0,0,0,0,0,0,0,0,0,0,0,1,0.00%
Phillip Dorsett II (LV),1,2025,0,0,0,0,0,0,0,0,0,0,0,0,0,0.00%
Curtis Samuel (BUF),1,2025,0,0,0,0,0,0,0,0,0,0,0,0,0,1.10%
Chris Godwin Jr. (TB),1,2025,0,0,0,0,0,0,0,0,0,0,0,0,0,81.90%
Demarcus Robinson (SF),1,2025,0,0,0,0,0,0,0,0,0,0,0,0,0,4.70%
Robbie Chosen (WAS),1,2025,0,0,0,0,0,0,0,0,0,0,0,0,0,0.00%
Laquon Treadwell (IND),1,2025,0,0,0,0,0,0,0,0,0,0,0,0,0,0.00%
Xavier Gipson (PHI),1,2025,0,0,0,0,0,0,0,0,0,1,0,-2,1,1.10%
Dalton Kincaid (BUF),1,2025,0,0,0,0,0,4,4,48,1,0,,12.8,1,85.60%
Brock Bowers (LV),1,2025,0,0,0,0,0,8,5,103,0,0,,12.8,1,99.00%
Travis Kelce (KC),1,2025,0,0,0,0,0,4,2,47,1,0,,11.7,1,96.80%
Juwan Johnson (NO),1,2025,0,0,0,0,0,11,8,76,0,0,,11.6,1,46.90%
Tyler Warren (IND),1,2025,0,0,1,3,0,9,7,76,0,0,,11.4,1,96.20%
Sam LaPorta (DET),1,2025,0,0,0,0,0,9,6,79,0,0,,10.9,1,98.60%
Noah Fant (CIN),1,2025,0,0,0,0,0,5,4,26,1,0,,10.6,1,3.30%
George Kittle (SF),1,2025,0,0,0,0,0,4,4,25,1,0,,10.5,1,96.90%
Zach Ertz (WAS),1,2025,0,0,0,0,0,5,3,26,1,0,,10.1,1,72.50%
Harold Fannin Jr. (CLE),1,2025,0,0,1,3,0,9,7,63,0,0,,10.1,1,34.50%
Jonnu Smith (PIT),1,2025,0,0,0,0,0,6,5,15,1,0,,10,1,38.10%
Kyle Pitts Sr. (ATL),1,2025,0,0,0,0,0,8,7,59,0,0,,9.4,1,67.40%
Trey McBride (ARI),1,2025,0,0,0,0,0,9,6,61,0,0,,9.1,1,99.70%
Jake Tonges (SF),1,2025,0,0,0,0,0,3,3,15,1,0,,9,1,5.70%
Tucker Kraft (GB),1,2025,0,0,1,3,0,4,2,16,1,0,,8.9,1,88.90%
Hunter Henry (NE),1,2025,0,0,0,0,0,8,4,66,0,0,,8.6,1,70.00%
Dallas Goedert (PHI),1,2025,0,0,0,0,0,7,7,44,0,0,,7.9,1,76.60%
Brenton Strange (JAC),1,2025,0,0,0,0,0,4,4,59,0,0,,7.9,1,41.90%
Davis Allen (LAR),1,2025,0,0,0,0,0,2,1,13,1,0,,7.8,1,0.60%
Hunter Long (JAC),1,2025,0,0,0,0,0,1,1,6,1,0,,7.1,1,0.00%
Tyler Conklin (LAC),1,2025,0,0,1,2,0,2,2,50,0,0,,6.2,1,1.10%
Michael Mayer (LV),1,2025,0,0,0,0,0,4,4,38,0,0,,5.8,1,1.70%
David Njoku (CLE),1,2025,0,0,0,0,0,6,3,37,0,0,,5.2,1,81.60%
Jake Ferguson (DAL),1,2025,0,0,0,0,0,6,5,23,0,0,,4.8,1,86.40%
Dalton Schultz (HOU),1,2025,0,0,0,0,0,5,3,28,0,0,,4.3,1,23.40%
Pat Freiermuth (PIT),1,2025,0,0,0,0,0,3,3,28,0,0,,4.3,1,8.20%
Cade Stover (HOU),1,2025,0,0,0,0,0,4,4,22,0,0,,4.2,1,0.60%
Ja'Tavion Sanders (CAR),1,2025,0,0,0,0,0,3,2,27,0,0,,3.7,1,2.80%
Cole Kmet (CHI),1,2025,0,0,0,0,0,4,1,31,0,0,,3.6,1,3.90%
Evan Engram (DEN),1,2025,0,0,0,0,0,4,3,21,0,0,,3.6,1,64.20%
Chig Okonkwo (TEN),1,2025,0,0,0,0,0,4,3,19,0,0,,3.4,1,22.20%
Jackson Hawes (BUF),1,2025,0,0,0,0,0,1,1,29,0,0,,3.4,1,0.60%
Dawson Knox (BUF),1,2025,0,0,0,0,0,2,2,20,0,0,,3,1,1.20%
Tanner Conner (MIA),1,2025,0,0,0,0,0,4,2,20,0,0,,3,1,1.00%
T.J. Hockenson (MIN),1,2025,0,0,0,0,0,4,3,15,0,0,,3,1,93.10%
Jeremy Ruckert (NYJ),1,2025,0,0,0,0,0,2,2,16,0,0,,2.6,1,0.70%
Mason Taylor (NYJ),1,2025,0,0,0,0,0,1,1,20,0,0,,2.5,1,13.90%
Mo Alie-Cox (IND),1,2025,0,0,0,0,0,1,1,20,0,0,,2.5,1,0.60%
Will Dissly (LAC),1,2025,0,0,0,0,0,1,1,18,0,0,,2.3,1,0.70%
Colston Loveland (CHI),1,2025,0,0,0,0,0,2,2,12,0,0,,2.2,1,29.90%
Gunnar Helm (TEN),1,2025,0,0,0,0,0,2,1,16,0,0,,2.1,1,0.60%
Julian Hill (MIA),1,2025,0,0,0,0,0,0,0,0,0,0,,2,1,0.60%
Mike Gesicki (CIN),1,2025,0,0,0,0,0,3,1,14,0,0,,1.9,1,3.90%
Daniel Bellinger (NYG),1,2025,0,0,0,0,0,1,1,14,0,0,,1.9,1,0.60%
Tip Reiman (ARI),1,2025,0,0,0,0,0,1,1,10,0,0,,1.5,1,0.00%
Austin Hooper (NE),1,2025,0,0,0,0,0,1,1,10,0,0,,1.5,1,0.60%
Elijah Arroyo (SEA),1,2025,0,0,0,0,0,1,1,7,0,0,,1.2,1,3.20%
Lucas Krull (DEN),1,2025,0,0,0,0,0,2,1,6,0,0,,1.1,1,1.80%
Mark Andrews (BAL),1,2025,0,0,0,0,0,1,1,5,0,0,,1,1,87.00%
Adam Trautman (DEN),1,2025,0,0,0,0,0,1,1,5,0,0,,1,1,0.70%
Josh Oliver (MIN),1,2025,0,0,0,0,0,1,1,5,0,0,,1,1,0.70%
Theo Johnson (NYG),1,2025,0,0,0,0,0,3,1,5,0,0,,1,1,8.80%
Luke Musgrave (GB),1,2025,0,0,0,0,0,1,1,4,0,0,,0.9,1,1.10%
Luke Farrell (SF),1,2025,0,0,0,0,0,1,1,4,0,0,,0.9,1,0.60%
Elijah Higgins (ARI),1,2025,0,0,0,0,0,2,1,3,0,0,,0.8,1,0.60%
Noah Gray (KC),1,2025,0,0,0,0,0,1,1,3,0,0,,0.8,1,1.50%
AJ Barner (SEA),1,2025,0,0,1,2,0,2,1,0,0,0,,0.7,1,1.90%
John FitzPatrick (GB),1,2025,0,0,0,0,0,1,1,2,0,0,,0.7,1,0.00%
Tommy Tremble (CAR),1,2025,0,0,0,0,0,1,1,2,0,0,,0.7,1,4.10%
Kylen Granson (PHI),1,2025,0,0,0,0,0,1,1,1,0,0,,0.6,1,1.20%
Donald Parham Jr. (PIT),1,2025,0,0,0,0,0,0,0,0,0,0,,0,0,1.00%
Kenny Yeboah (DET),1,2025,0,0,0,0,0,0,0,0,0,0,,0,0,0.00%
Quintin Morris (JAC),1,2025,0,0,0,0,0,0,0,0,0,0,,0,0,1.40%
John Bates (WAS),1,2025,0,0,0,0,0,0,0,0,0,0,,0,1,0.60%
Jalin Conyers (MIA),1,2025,0,0,0,0,0,0,0,0,0,0,,0,0,1.20%
Josh Whyle (GB),1,2025,0,0,0,0,0,0,0,0,0,0,,0,0,1.10%
Jake Briningstool (KC),1,2025,0,0,0,0,0,0,0,0,0,0,,0,0,0.00%
Stephen Carlson (CHI),1,2025,0,0,0,0,0,0,0,0,0,0,,0,0,0.00%
Darnell Washington (PIT),1,2025,0,0,0,0,0,0,0,0,0,0,,0,1,0.90%
Andrew Beck (NYJ),1,2025,0,0,0,0,0,0,0,0,0,0,,0,1,0.00%
Luke Lachey (HOU),1,2025,0,0,0,0,0,0,0,0,0,0,,0,0,1.10%
Charlie Kolar (BAL),1,2025,0,0,0,0,0,0,0,0,0,0,,0,1,0.10%
Feleipe Franks (ATL),1,2025,0,0,0,0,0,0,0,0,0,0,,0,1,0.00%
Brevin Jordan (HOU),1,2025,0,0,0,0,0,0,0,0,0,0,,0,0,1.00%
Harrison Bryant (HOU),1,2025,0,0,0,0,0,0,0,0,0,0,,0,0,0.00%
Josiah Deguara (ARI),1,2025,0,0,0,0,0,0,0,0,0,0,,0,0,0.00%
Charlie Woerner (ATL),1,2025,0,0,0,0,0,0,0,0,0,0,,0,1,0.00%
Lawrence Cager (WAS),1,2025,0,0,0,0,0,0,0,0,0,0,,0,0,0.00%
Sean McKeon (IND),1,2025,0,0,0,0,0,0,0,0,0,0,,0,0,0.00%
Matt Orzech (GB),1,2025,0,0,0,0,0,0,0,0,0,0,,0,0,0.00%
Mitchell Fraboni (DEN),1,2025,0,0,0,0,0,0,0,0,0,0,,0,0,0.00%
Matt Sokol (PIT),1,2025,0,0,0,0,0,0,0,0,0,0,,0,0,0.00%
Jared Wiley (KC),1,2025,0,0,0,0,0,0,0,0,0,0,,0,0,1.00%
Ben Sinnott (WAS),1,2025,0,0,0,0,0,0,0,0,0,0,,0,1,1.00%
Cam Grandy (CIN),1,2025,0,0,0,0,0,0,0,0,0,0,,0,0,0.00%
Caden Prieskorn (TB),1,2025,0,0,0,0,0,0,0,0,0,0,,0,0,1.00%
Colson Yankoff (WAS),1,2025,0,0,0,0,0,0,0,0,0,0,,0,1,1.10%
Mason Pline (NO),1,2025,0,0,0,0,0,0,0,0,0,0,,0,0,0.00%
Treyton Welch (NO),1,2025,0,0,0,0,0,0,0,0,0,0,,0,0,0.00%
Devin Culp (TB),1,2025,0,0,0,0,0,0,0,0,0,0,,0,0,1.20%
Messiah Swinson (SF),1,2025,0,0,0,0,0,0,0,0,0,0,,0,0,0.00%
Brenden Bates (HOU),1,2025,0,0,0,0,0,0,0,0,0,0,,0,0,0.00%
Jack Westover (NE),1,2025,0,0,0,0,0,0,0,0,0,0,,0,1,0.00%
Brevyn Spann-Ford (DAL),1,2025,0,0,0,0,0,1,0,0,0,0,,0,1,0.00%
Brady Russell (SEA),1,2025,0,0,0,0,0,0,0,0,0,0,,0,1,0.00%
Patrick Murtagh (DEN),1,2025,0,0,0,0,0,0,0,0,0,0,,0,1,0.00%
Blake Whiteheart (CLE),1,2025,0,0,0,0,0,0,0,0,0,0,,0,1,0.00%
Joel Wilson (TEN),1,2025,0,0,0,0,0,0,0,0,0,0,,0,0,0.00%
E.J. Jenkins (PHI),1,2025,0,0,0,0,0,0,0,0,0,0,,0,0,1.00%
Travis Vokolek (ARI),1,2025,0,0,0,0,0,0,0,0,0,0,,0,1,0.00%
Gavin Bartholomew (MIN),1,2025,0,0,0,0,0,0,0,0,0,0,,0,0,0.00%
Bryson Nesbit (MIN),1,2025,0,0,0,0,0,0,0,0,0,0,,0,0,0.00%
Oronde Gadsden II (LAC),1,2025,0,0,0,0,0,0,0,0,0,0,,0,0,2.40%
John Stephens Jr. (DAL),1,2025,0,0,0,0,0,0,0,0,0,0,,0,0,0.00%
Princeton Fant (DAL),1,2025,0,0,0,0,0,0,0,0,0,0,,0,0,0.00%
Nate Adkins (DEN),1,2025,0,0,0,0,0,0,0,0,0,0,,0,0,1.00%
Tanner Taula (TB),1,2025,0,0,0,0,0,0,0,0,0,0,,0,0,0.00%
Thomas Yassmin (LAC),1,2025,0,0,0,0,0,0,0,0,0,0,,0,0,0.00%
Bryce Pierre (CAR),1,2025,0,0,0,0,0,0,0,0,0,0,,0,0,0.00%
Patrick Herbert (JAC),1,2025,0,0,0,0,0,0,0,0,0,0,,0,0,0.00%
Caleb Lohner (DEN),1,2025,0,0,0,0,0,0,0,0,0,0,,0,0,1.00%
Robbie Ouzts (SEA),1,2025,0,0,0,0,0,0,0,0,0,0,,0,1,0.00%
Maximilian Mang (IND),1,2025,0,0,0,0,0,0,0,0,0,0,,0,0,0.00%
Nick Kallerup (SEA),1,2025,0,0,0,0,0,0,0,0,0,0,,0,0,0.00%
Ben Yurosek (MIN),1,2025,0,0,0,0,0,0,0,0,0,0,,0,1,0.00%
Tre Watson (KC),1,2025,0,0,0,0,0,0,0,0,0,0,,0,0,0.00%
Zach Horton (DET),1,2025,0,0,0,0,0,0,0,0,0,0,,0,0,0.00%
Carter Runyon (LV),1,2025,0,0,0,0,0,0,0,0,0,0,,0,0,0.00%
Mitchell Evans (CAR),1,2025,0,0,0,0,0,0,0,0,0,0,,0,1,0.60%
Hayden Rucci (MIA),1,2025,0,0,0,0,0,0,0,0,0,0,,0,0,0.00%
David Martin-Robinson (TEN),1,2025,0,0,0,0,0,0,0,0,0,0,,0,1,0.00%
Keleki Latu (BUF),1,2025,0,0,0,0,0,0,0,0,0,0,,0,0,0.00%
CJ Dippre (NE),1,2025,0,0,0,0,0,0,0,0,0,0,,0,0,0.00%
Gee Scott Jr. (NE),1,2025,0,0,0,0,0,0,0,0,0,0,,0,0,0.00%
Rivaldo Fairweather (DAL),1,2025,0,0,0,0,0,0,0,0,0,0,,0,0,0.00%
Joshua Simon (ATL),1,2025,0,0,0,0,0,0,0,0,0,0,,0,0,0.00%
Brayden Willis (SF),1,2025,0,0,0,0,0,0,0,0,0,0,,0,0,0.00%
Thomas Fidone II (NYG),1,2025,0,0,0,0,0,0,0,0,0,0,,0,0,1.00%
Sal Cannella (CLE),1,2025,0,0,0,0,0,0,0,0,0,0,,0,0,0.00%
Shane Zylstra (DET),1,2025,0,0,0,0,0,0,0,0,0,0,,0,1,1.10%
Nikola Kalinic (CHI),1,2025,0,0,0,0,0,0,0,0,0,0,,0,0,0.00%
Justin Shorter (LV),1,2025,0,0,0,0,0,0,0,0,0,0,,0,1,1.90%
Erick All Jr. (CIN),1,2025,0,0,0,0,0,0,0,0,0,0,,0,0,1.00%
Jelani Woods (NYJ),1,2025,0,0,0,0,0,0,0,0,0,0,,0,0,3.90%
Will Mallory (IND),1,2025,0,0,0,0,0,0,0,0,0,0,,0,0,1.00%
Isaiah Likely (BAL),1,2025,0,0,0,0,0,0,0,0,0,0,,0,0,20.10%
Grant Calcaterra (PHI),1,2025,0,0,0,0,0,0,0,0,0,0,,0,1,0.60%
Greg Dulcich (MIA),1,2025,0,0,0,0,0,0,0,0,0,0,,0,0,5.80%
James Mitchell (CAR),1,2025,0,0,0,0,0,0,0,0,0,0,,0,0,0.00%
Moliki Matavao (NO),1,2025,0,0,0,0,0,0,0,0,0,0,,0,1,1.00%
Terrance Ferguson (LAR),1,2025,0,0,0,0,0,0,0,0,0,0,,0,0,1.70%
Cade Otton (TB),1,2025,0,0,0,0,0,3,0,0,0,0,,0,1,11.30%
Brock Wright (DET),1,2025,0,0,0,0,0,0,0,0,0,0,,0,1,0.60%
Mark Redman (LAR),1,2025,0,0,0,0,0,0,0,0,0,0,,0,0,0.00%
Jack Stoll (NO),1,2025,0,0,0,0,0,0,0,0,0,0,,0,1,0.00%
Teagan Quitoriano (ATL),1,2025,0,0,0,0,0,0,0,0,0,0,,0,1,0.00%
Tucker Fisk (LAC),1,2025,0,0,0,0,0,0,0,0,0,0,,0,0,1.00%
Zaire Mitchell-Paden (BAL),1,2025,0,0,0,0,0,0,0,0,0,0,,0,1,1.00%
Ben Sims (GB),1,2025,0,0,0,0,0,0,0,0,0,0,,0,0,0.00%
Payne Durham (TB),1,2025,0,0,0,0,0,0,0,0,0,0,,0,1,1.10%
Luke Schoonmaker (DAL),1,2025,0,0,0,0,0,1,0,0,0,0,,0,1,0.60%
Thomas Odukoya (TEN),1,2025,0,0,0,0,0,0,0,0,0,0,,0,0,1.00%
Cameron Latu (PHI),1,2025,0,0,0,0,0,0,0,0,0,0,,0,0,1.20%
Drew Ogletree (IND),1,2025,0,0,0,0,0,0,0,0,0,0,,0,1,1.10%
Leroy Watson IV (LV),1,2025,0,0,0,0,0,0,0,0,0,0,,0,0,1.00%
Connor Heyward (PIT),1,2025,0,0,0,0,0,0,0,0,0,0,,0,1,0.00%
Stone Smartt (NYJ),1,2025,0,0,0,0,0,0,0,0,0,0,,0,0,1.00%
Ko Kieft (TB),1,2025,0,0,0,0,0,0,0,0,0,0,,0,1,0.00%
Drew Sample (CIN),1,2025,0,0,0,0,0,1,0,0,0,0,,0,1,1.00%
Drake Dunsmore (TB),1,2025,0,0,0,0,0,0,0,0,0,0,,0,0,0.00%
Dominique Curry (DET),1,2025,0,0,0,0,0,0,0,0,0,0,,0,0,0.00%
Derek Fine (HOU),1,2025,0,0,0,0,0,0,0,0,0,0,,0,0,0.00%
J.P. Foschi (CIN),1,2025,0,0,0,0,0,0,0,0,0,0,,0,0,0.00%
Joey Haynos (MIA),1,2025,0,0,0,0,0,0,0,0,0,0,,0,0,0.00%
Brad Cottam (KC),1,2025,0,0,0,0,0,0,0,0,0,0,,0,0,0.00%
Darnell Dinkins (NO),1,2025,0,0,0,0,0,0,0,0,0,0,,0,0,0.00%
Marquez Branson (ATL),1,2025,0,0,0,0,0,0,0,0,0,0,,0,0,0.00%
James Dearth (NYJ),1,2025,0,0,0,0,0,0,0,0,0,0,,0,0,0.00%
Justin Snow (IND),1,2025,0,0,0,0,0,0,0,0,0,0,,0,0,0.00%
Keith Zinger (ATL),1,2025,0,0,0,0,0,0,0,0,0,0,,0,0,0.00%
Johnny Mundt (JAC),1,2025,0,0,0,0,0,1,0,0,0,0,,0,1,0.00%
Taysom Hill (NO),1,2025,0,0,0,0,0,0,0,0,0,0,,0,0,8.10%
Eric Saubert (SEA),1,2025,0,0,0,0,0,0,0,0,0,0,,0,1,1.80%
Robert Tonyan (KC),1,2025,0,0,0,0,0,0,0,0,0,0,,0,1,0.00%
Albert Okwuegbunam Jr. (LV),1,2025,0,0,0,0,0,0,0,0,0,0,,0,0,0.00%
Tyree Jackson (WAS),1,2025,0,0,0,0,0,0,0,0,0,0,,0,0,0.00%
Foster Moreau (NO),1,2025,0,0,0,0,0,0,0,0,0,0,,0,0,1.20%
Ross Dwelley (DET),1,2025,0,0,0,0,0,0,0,0,0,0,,0,0,0.00%
Ian Thomas (LV),1,2025,0,0,0,0,0,0,0,0,0,0,,0,1,0.10%
Durham Smythe (CHI),1,2025,0,0,0,0,0,0,0,0,0,0,,0,1,1.10%
Tanner Hudson (CIN),1,2025,0,0,0,0,0,0,0,0,0,0,,0,0,2.30%
Chris Manhertz (NYG),1,2025,0,0,0,0,0,0,0,0,0,0,,0,1,0.00%
Darren Waller (MIA),1,2025,0,0,0,0,0,0,0,0,0,0,,0,0,60.90%
Zach Wood (NO),1,2025,0,0,0,0,0,0,0,0,0,0,,0,0,2.50%
Tyler Higbee (LAR),1,2025,0,0,0,0,0,0,0,0,0,0,,0,1,3.20%
Andrew DePaola (MIN),1,2025,0,0,0,0,0,0,0,0,0,0,,0,1,0.00%
Tyler Ott (WAS),1,2025,0,0,0,0,0,0,0,0,0,0,,0,0,0.00%
James Winchester (KC),1,2025,0,0,0,0,0,0,0,0,0,0,,0,0,0.00%
Colby Parkinson (LAR),1,2025,0,0,0,0,0,2,2,-6,0,1,,-1.6,1,0.60%